{"cameraMode":{"drawMode":0,"name":"Shaded","section":"Shading Mode"},"sceneLighting":true,"audioPlay":false,"sceneViewState":{"showFog":true,"showMaterialUpdate":true,"showSkybox":true,"showFlares":true,"showImageEffects":true,"showParticleSystems":true},"in2DMode":false,"pivot":{"x":118.24522399902344,"y":-5.2683024406433109,"z":-115.15858459472656},"rotation":{"x":-0.00006655301694991067,"y":-0.9998267292976379,"z":0.019499775022268297,"w":-0.0038875665049999954},"size":333.4499206542969,"orthographic":false}